peclet,effective_diffusivity
0.0,1.0
0.05,1.0000119047619047
0.1,1.000047619047619
0.15000000000000002,1.0001071428571429
0.2,1.0001904761904763
0.25,1.0002976190476192
0.30000000000000004,1.0004285714285714
0.35000000000000003,1.0005833333333334
0.4,1.0007619047619047
0.45,1.0009642857142858
0.5,1.0011904761904762
0.55,1.0014404761904763
0.6000000000000001,1.0017142857142858
0.65,1.0020119047619047
0.7000000000000001,1.0023333333333333
0.75,1.0026785714285715
0.8,1.003047619047619
0.8500000000000001,1.0034404761904763
0.9,1.0038571428571428
0.9500000000000001,1.004297619047619
1.0,1.0047619047619047
1.05,1.00525
1.1,1.0057619047619049
1.1500000000000001,1.006297619047619
1.2000000000000002,1.006857142857143
1.25,1.0074404761904763
1.3,1.008047619047619
1.35,1.0086785714285715
1.4000000000000001,1.0093333333333334
1.4500000000000002,1.0100119047619047
1.5,1.0107142857142857
1.55,1.0114404761904763
1.6,1.012190476190476
1.6500000000000001,1.0129642857142858
1.7000000000000002,1.0137619047619049
1.75,1.0145833333333334
1.8,1.0154285714285713
1.85,1.016297619047619
1.9000000000000001,1.0171904761904762
1.9500000000000002,1.0181071428571429
2.0,1.019047619047619
2.0500000000000003,1.0200119047619047
2.1,1.021
2.15,1.0220119047619047
2.2,1.023047619047619
2.25,1.0241071428571429
2.3000000000000003,1.0251904761904762
2.35,1.026297619047619
2.4000000000000004,1.0274285714285714
2.45,1.0285833333333334
2.5,1.0297619047619047
2.5500000000000003,1.0309642857142858
2.6,1.032190476190476
2.6500000000000004,1.0334404761904763
2.7,1.0347142857142857
2.75,1.0360119047619047
2.8000000000000003,1.0373333333333334
2.85,1.0386785714285713
2.9000000000000004,1.040047619047619
2.95,1.041440476190476
3.0,1.042857142857143
3.0500000000000003,1.044297619047619
3.1,1.0457619047619047
3.1500000000000004,1.04725
3.2,1.0487619047619048
3.25,1.050297619047619
3.3000000000000003,1.0518571428571428
3.35,1.053440476190476
3.4000000000000004,1.055047619047619
3.45,1.0566785714285714
3.5,1.0583333333333333
3.5500000000000003,1.0600119047619048
3.6,1.0617142857142858
3.6500000000000004,1.063440476190476
3.7,1.0651904761904762
3.75,1.0669642857142858
3.8000000000000003,1.0687619047619048
3.85,1.0705833333333334
3.9000000000000004,1.0724285714285715
3.95,1.074297619047619
4.0,1.0761904761904761
4.05,1.078107142857143
4.1000000000000005,1.0800476190476191
4.15,1.0820119047619048
4.2,1.084
4.25,1.0860119047619048
4.3,1.088047619047619
4.3500000000000005,1.090107142857143
4.4,1.0921904761904762
4.45,1.094297619047619
4.5,1.0964285714285715
4.55,1.0985833333333332
4.6000000000000005,1.1007619047619048
4.65,1.1029642857142856
4.7,1.1051904761904763
4.75,1.1074404761904761
4.800000000000001,1.1097142857142857
4.8500000000000005,1.1120119047619048
4.9,1.1143333333333334
4.95,1.1166785714285714
5.0,1.119047619047619
5.050000000000001,1.1214404761904762
5.1000000000000005,1.1238571428571429
5.15,1.126297619047619
5.2,1.1287619047619049
5.25,1.13125
5.300000000000001,1.1337619047619047
5.3500000000000005,1.136297619047619
5.4,1.1388571428571428
5.45,1.1414404761904762
5.5,1.144047619047619
5.550000000000001,1.1466785714285714
5.6000000000000005,1.1493333333333333
5.65,1.1520119047619048
5.7,1.1547142857142858
5.75,1.1574404761904762
5.800000000000001,1.1601904761904762
5.8500000000000005,1.1629642857142857
5.9,1.1657619047619048
5.95,1.1685833333333333
6.0,1.1714285714285715
6.050000000000001,1.174297619047619
6.1000000000000005,1.1771904761904763
6.15,1.1801071428571428
6.2,1.1830476190476191
6.25,1.1860119047619047
6.300000000000001,1.189
6.3500000000000005,1.1920119047619049
6.4,1.1950476190476191
6.45,1.1981071428571428
6.5,1.2011904761904761
6.550000000000001,1.2042976190476191
6.6000000000000005,1.2074285714285715
6.65,1.2105833333333333
6.7,1.2137619047619048
6.75,1.2169642857142857
6.800000000000001,1.2201904761904763
6.8500000000000005,1.2234404761904762
6.9,1.2267142857142859
6.95,1.2300119047619047
7.0,1.2333333333333334
7.050000000000001,1.2366785714285715
7.1000000000000005,1.240047619047619
7.15,1.2434404761904763
7.2,1.2468571428571429
7.25,1.2502976190476192
7.300000000000001,1.2537619047619049
7.3500000000000005,1.25725
7.4,1.2607619047619048
7.45,1.264297619047619
7.5,1.2678571428571428
7.550000000000001,1.2714404761904763
7.6000000000000005,1.2750476190476192
7.65,1.2786785714285713
7.7,1.2823333333333333
7.75,1.2860119047619047
7.800000000000001,1.2897142857142858
7.8500000000000005,1.2934404761904763
7.9,1.2971904761904762
7.95,1.3009642857142858
8.0,1.3047619047619048
8.05,1.3085833333333334
8.1,1.3124285714285715
8.15,1.316297619047619
8.200000000000001,1.3201904761904764
8.25,1.324107142857143
8.3,1.3280476190476191
8.35,1.3320119047619048
8.4,1.336
8.450000000000001,1.3400119047619048
8.5,1.3440476190476192
8.55,1.348107142857143
8.6,1.3521904761904762
8.65,1.356297619047619
8.700000000000001,1.3604285714285715
8.75,1.3645833333333333
8.8,1.3687619047619048
8.85,1.3729642857142856
8.9,1.3771904761904763
8.950000000000001,1.3814404761904764
9.0,1.3857142857142857
9.05,1.3900119047619048
9.1,1.3943333333333332
9.15,1.3986785714285714
9.200000000000001,1.403047619047619
9.25,1.4074404761904762
9.3,1.411857142857143
9.35,1.416297619047619
9.4,1.420761904761905
9.450000000000001,1.4252500000000001
9.5,1.4297619047619048
9.55,1.434297619047619
9.600000000000001,1.438857142857143
9.65,1.4434404761904762
9.700000000000001,1.4480476190476192
9.75,1.4526785714285715
9.8,1.4573333333333334
9.850000000000001,1.462011904761905
9.9,1.4667142857142856
9.950000000000001,1.4714404761904762
10.0,1.4761904761904763
10.05,1.4809642857142857
10.100000000000001,1.4857619047619048
10.15,1.4905833333333334
10.200000000000001,1.4954285714285716
10.25,1.5002976190476192
10.3,1.5051904761904762
10.350000000000001,1.510107142857143
10.4,1.515047619047619
10.450000000000001,1.520011904761905
10.5,1.525
10.55,1.530011904761905
10.600000000000001,1.5350476190476192
10.65,1.540107142857143
10.700000000000001,1.5451904761904762
10.75,1.550297619047619
10.8,1.5554285714285716
10.850000000000001,1.5605833333333334
10.9,1.5657619047619047
10.950000000000001,1.5709642857142858
11.0,1.5761904761904761
11.05,1.5814404761904763
11.100000000000001,1.5867142857142857
11.15,1.5920119047619048
11.200000000000001,1.5973333333333335
11.25,1.6026785714285714
11.3,1.608047619047619
11.350000000000001,1.6134404761904761
11.4,1.6188571428571428
11.450000000000001,1.6242976190476193
11.5,1.6297619047619047
11.55,1.63525
11.600000000000001,1.6407619047619049
11.65,1.646297619047619
11.700000000000001,1.651857142857143
11.75,1.6574404761904762
11.8,1.663047619047619
11.850000000000001,1.6686785714285717
11.9,1.6743333333333335
11.950000000000001,1.6800119047619049
12.0,1.6857142857142857
12.05,1.6914404761904762
12.100000000000001,1.6971904761904764
12.15,1.7029642857142857
12.200000000000001,1.708761904761905
12.25,1.7145833333333333
12.3,1.7204285714285716
12.350000000000001,1.7262976190476191
12.4,1.7321904761904763
12.450000000000001,1.7381071428571429
12.5,1.744047619047619
12.55,1.750011904761905
12.600000000000001,1.7560000000000002
12.65,1.7620119047619047
12.700000000000001,1.768047619047619
12.75,1.7741071428571429
12.8,1.7801904761904763
12.850000000000001,1.7862976190476192
12.9,1.7924285714285713
12.950000000000001,1.7985833333333334
13.0,1.8047619047619048
13.05,1.8109642857142858
13.100000000000001,1.8171904761904765
13.15,1.8234404761904761
13.200000000000001,1.8297142857142858
13.25,1.8360119047619048
13.3,1.8423333333333334
13.350000000000001,1.8486785714285716
13.4,1.855047619047619
13.450000000000001,1.8614404761904764
13.5,1.8678571428571429
13.55,1.8742976190476193
13.600000000000001,1.880761904761905
13.65,1.88725
13.700000000000001,1.893761904761905
13.75,1.900297619047619
13.8,1.906857142857143
13.850000000000001,1.9134404761904764
13.9,1.9200476190476192
13.950000000000001,1.9266785714285715
14.0,1.9333333333333333
14.05,1.9400119047619049
14.100000000000001,1.9467142857142858
14.15,1.9534404761904762
14.200000000000001,1.9601904761904763
14.25,1.9669642857142857
14.3,1.9737619047619048
14.350000000000001,1.9805833333333336
14.4,1.9874285714285715
14.450000000000001,1.9942976190476194
14.5,2.001190476190476
14.55,2.008107142857143
14.600000000000001,2.0150476190476194
14.65,2.0220119047619045
14.700000000000001,2.029
14.75,2.0360119047619047
14.8,2.043047619047619
14.850000000000001,2.050107142857143
14.9,2.0571904761904762
14.950000000000001,2.064297619047619
15.0,2.071428571428571
15.05,2.0785833333333334
15.100000000000001,2.085761904761905
15.15,2.092964285714286
15.200000000000001,2.1001904761904764
15.25,2.107440476190476
15.3,2.1147142857142858
15.350000000000001,2.122011904761905
15.4,2.1293333333333333
15.450000000000001,2.136678571428572
15.5,2.144047619047619
15.55,2.1514404761904764
15.600000000000001,2.1588571428571433
15.65,2.166297619047619
15.700000000000001,2.1737619047619052
15.75,2.18125
15.8,2.188761904761905
15.850000000000001,2.1962976190476193
15.9,2.203857142857143
15.950000000000001,2.211440476190476
16.0,2.219047619047619
16.05,2.2266785714285717
16.1,2.2343333333333337
16.150000000000002,2.242011904761905
16.2,2.249714285714286
16.25,2.2574404761904763
16.3,2.265190476190476
16.35,2.272964285714286
16.400000000000002,2.2807619047619054
16.45,2.2885833333333334
16.5,2.2964285714285717
16.55,2.3042976190476194
16.6,2.3121904761904766
16.650000000000002,2.320107142857143
16.7,2.328047619047619
16.75,2.3360119047619046
16.8,2.3440000000000003
16.85,2.352011904761905
16.900000000000002,2.360047619047619
16.95,2.3681071428571423
17.0,2.376190476190476
17.05,2.3842976190476195
17.1,2.392428571428572
17.150000000000002,2.4005833333333335
17.2,2.4087619047619047
17.25,2.4169642857142857
17.3,2.425190476190476
17.35,2.4334404761904764
17.400000000000002,2.441714285714286
17.45,2.4500119047619044
17.5,2.458333333333333
17.55,2.4666785714285715
17.6,2.4750476190476194
17.650000000000002,2.4834404761904767
17.7,2.4918571428571425
17.75,2.500297619047619
17.8,2.508761904761905
17.85,2.51725
17.900000000000002,2.525761904761905
17.95,2.534297619047619
18.0,2.5428571428571427
18.05,2.5514404761904763
18.1,2.5600476190476193
18.150000000000002,2.568678571428572
18.2,2.577333333333333
18.25,2.5860119047619046
18.3,2.5947142857142858
18.35,2.6034404761904764
18.400000000000002,2.6121904761904764
18.45,2.620964285714286
18.5,2.6297619047619047
18.55,2.6385833333333335
18.6,2.6474285714285717
18.650000000000002,2.6562976190476197
18.7,2.6651904761904763
18.75,2.674107142857143
18.8,2.6830476190476196
18.85,2.692011904761905
18.900000000000002,2.7010000000000005
18.95,2.7100119047619047
19.0,2.719047619047619
19.05,2.728107142857143
19.1,2.7371904761904764
19.150000000000002,2.7462976190476196
19.200000000000003,2.7554285714285722
19.25,2.7645833333333334
19.3,2.773761904761905
19.35,2.782964285714286
19.400000000000002,2.7921904761904766
19.450000000000003,2.8014404761904768
19.5,2.810714285714286
19.55,2.820011904761905
19.6,2.8293333333333335
19.650000000000002,2.838678571428572
19.700000000000003,2.8480476190476196
19.75,2.857440476190476
19.8,2.866857142857143
19.85,2.8762976190476195
19.900000000000002,2.885761904761905
19.950000000000003,2.8952500000000008
20.0,2.9047619047619047
